row.ID,Anisacanthus.quadrifidus,Physostegia.virginiana,Ruellia.brittoniana,Salvia.azurea,Salvia.ballotiflora,Salvia.blepharophylla,Salvia.chionophylla,Salvia.coccinea,Salvia.darcyi,Salvia.farinacea,Salvia.greggii,Salvia.leucantha,Salvia.microphylla,Salvia.regla,Salvia.roemeriana,Salvia.sinaloensis,Scutellaria.suffrutescens,Scutellaria.wrightii,Stachys.coccinea
106,454.2814,0,0,0,0,0,0,279.7057,0,962.42,0,0,0,741.4364,0,0,0,0,0
122,0,1314.474,0,0,0,0,0,0,0,0,0,0,0,0,0,49498.243,0,0,4263.247
133,0,14140.75,0,0,0,0,0,0,0,0,0,0,0,0,17476.33,0,68271.3,0,62874.32
157,0,0,3663.549,0,0,0,0,0,0,0,0,0,0,0,0,0,0,0,0
163,0,0,0,0,0,0,0,0,0,2230.822,0,0,0,0,0,0,0,0,0
169,0,0,7331.255,0,0,0,4863.1116,0,653.5696,0,0,0,746.8304,0,0,0,0,512.5547,0
171,0,0,0,0,0,0,0,0,0,653.602,0,0,0,0,0,0,0,0,0
216,0,0,0,0,0,0,0,0,0,0,447.3608,0,0,0,0,0,0,0,0
279,0,0,0,0,0,0,0,0,0,0,0,0,402.4041,0,0,0,0,0,0
301,0,1547.811,0,0,0,0,0,0,0,0,0,0,0,0,1316.761,0,0,0,0
339,0,0,0,0,0,0,0,0,0,35640.52,0,0,0,0,0,0,0,0,0
351,0,0,6875.027,0,0,0,0,0,0,0,0,0,0,0,0,0,0,0,0
356,0,0,0,0,347521.25,0,0,10901.05,0,0,0,0,0,0,19787.24,0,0,0,0
374,0,0,0,0,212831.438,0,0,14550.137,0,0,5567.078,0,0,0,14596.002,0,0,0,0
375,234649.95,1608661.38,131370.76,28833.28,90070.5,180446.48,0,29990.23,58522.84,97686.71,47453.95,95128.59,0,23135.41,70430.92,93346.25,178845.45,171702.81,0
396,0,0,0,0,47897.55,0,0,0,0,0,0,0,0,0,0,0,0,0,0
411,0,7006.824,0,0,0,0,0,0,0,0,0,0,0,0,0,0,0,0,0
445,120365.99,774130.64,262734.81,97486.65,0,30426.5,53994.31,168776.02,105714.32,100302.6,84459.45,80915.14,19564.86,77482.26,39710.91,0,91397.83,84739.02,0
451,1267519,0,0,0,0,0,0,0,0,0,0,0,0,0,0,0,0,0,0
456,37253.93,307780.41,23422.78,61591.65,0,14702.88,31047.25,72785.83,35378.99,78184.98,44964.53,44229.1,46203.91,66111.44,32297.75,99926.91,70397.46,120247.55,256723.15
478,362319.51,348074.71,253564.12,335323.32,790585.77,446304.6,181473.14,547335.84,718066.69,1152703.21,379513.24,773002.02,300877.84,545634.68,54028.21,184626.64,322104.7,414926.43,510768.35
481,216266.27,172121.81,101815.88,175675.54,238369.12,180426.91,92517.53,307148.75,357908.63,504208.61,93497.94,444142.48,71465.53,298581.15,0,115256.41,177996.73,228751.1,299011.03
494,19156.961,0,0,0,0,0,0,19353.209,15888.78,0,3847.553,0,6011.115,24450.541,0,0,9707.625,0,0
500,139774.8,284630,465849.1,0,288337.6,159822.9,0,0,556951.4,126611.6,323834.5,445577.6,296734.3,0,494578.7,825051.3,617006.1,409741,0
524,0,0,0,0,97398.996,41843.37,0,38194.427,16517.117,18797.868,14577.428,20352.492,9020.139,5469.912,0,0,7322.28,22468.606,0
528,316109.85,557047.29,126668.64,0,1273581.35,419288.72,0,293739.54,712965.38,831810.79,183878.3,927324.14,34617.34,386705.65,424420.38,1077245.64,628428.86,568995.67,544023.29
615,0,0,0,0,0,0,0,0,2866.532,0,0,0,0,0,0,0,0,0,0
699,0,0,0,0,0,0,0,0,2349.303,0,0,0,0,0,0,0,0,0,0
834,0,0,0,0,117636.7,0,0,0,0,0,0,0,0,0,0,0,0,0,0
842,6903.62,0,3586.263,0,0,0,0,0,0,0,0,0,0,0,0,0,0,0,0
860,0,0,0,5835.331,105472.586,0,0,0,0,0,0,0,0,0,0,0,0,3995.555,0
922,0,0,31344.744,0,0,0,0,0,0,0,1398.791,0,0,0,0,0,0,0,0
966,0,0,2101.945,0,0,0,0,0,0,0,0,0,0,0,0,0,0,0,0
1018,0,3848.289,0,0,0,0,0,3328.335,0,0,0,0,0,0,0,0,0,0,0
1030,1911.203,0,0,0,0,0,0,0,0,0,0,0,0,0,0,0,0,0,0
1037,0,1844.848,0,0,0,0,0,0,0,0,0,0,0,0,0,0,0,0,0
1127,0,18329.83,0,0,0,0,0,0,0,0,0,0,0,0,0,0,0,0,0
1196,0,651.7774,0,0,0,0,0,0,0,0,0,0,0,0,0,0,0,0,1247.4548
1395,0,0,9844.398,311712.409,0,0,678477.007,2162.802,0,274155.787,0,0,2229.912,0,0,0,0,0,0
1396,0,0,0,0,66557.9,0,62473.27,0,0,25146.61,0,0,0,0,0,0,0,0,0
1415,0,0,0,26822.416,39835.994,0,86520.746,0,0,0,0,0,0,0,0,0,0,1236.419,0
1429,4678.8547,0,15448.4128,418900.4284,2414762.525,0,1694768.947,4102.0218,0,1020651.102,0,17252.9837,855.7665,0,0,854611.7014,1212.113,157035.0264,0
1492,0,0,0,1507.824,0,0,2114.406,0,0,0,0,0,0,0,0,0,0,0,0
1495,0,0,0,4209.451,9954.293,0,8313.282,0,0,4739.053,0,0,0,0,0,0,0,1007.985,0
1774,0,5147.691,0,0,0,0,0,0,0,0,0,0,0,0,0,0,0,0,0
1784,0,0,6499.81,0,0,0,0,0,0,0,0,0,0,0,0,0,0,0,0
1845,0,0,8548.044,0,0,0,0,0,0,0,0,0,0,0,0,0,0,0,0
1873,0,0,0,0,0,0,0,0,254.1936,0,0,0,295.1829,0,0,0,0,0,0
1947,0,0,0,0,0,0,3218.0764,0,0,0,0,0,0,0,0,0,0,998.6019,0
1949,0,0,0,0,0,0,24445.3906,486.7078,0,0,0,0,0,0,0,0,0,3466.7126,0
1989,3453.184,0,0,0,96595.262,0,0,0,0,12275.049,0,0,0,0,0,17779.474,0,2758.385,0
1992,0,0,0,0,34481.237,0,0,0,0,4227.319,0,0,0,0,0,8146.095,0,0,0
1995,0,0,0,0,6876.214,0,0,0,0,0,0,0,0,0,0,0,0,0,0
2028,0,0,0,0,0,0,0,0,111.8868,0,0,0,0,0,0,0,0,0,0
2046,0,0,0,0,0,0,0,0,0,0,0,0,0,0,0,0,0,2202.004,0
2048,0,0,0,0,0,0,0,0,0,0,0,0,0,0,0,0,0,888.9363,0
2061,0,0,0,2092.566,0,0,0,1181.939,0,0,0,0,0,0,0,0,0,12975.204,0
2080,1451.043,0,0,0,0,0,0,0,0,0,0,0,0,0,0,0,0,0,0
2085,0,0,0,0,2036.6744,0,0,0,0,0,0,0,0,0,0,0,0,707.7847,0
2088,6131.188,0,0,0,0,0,0,0,0,0,0,0,0,0,0,0,0,0,0
2091,9378.38,0,0,0,0,0,0,0,0,0,0,0,0,0,0,0,0,0,0
2094,0,0,0,0,25705.864,0,4781.296,0,0,11766.76,0,0,0,0,0,0,0,4848.869,0
2095,372.0836,0,0,0,78549.5891,0,13786.4232,687.2768,0,24818.5025,0,0,0,0,0,0,0,0,0
2140,0,0,0,0,0,0,0,0,0,0,55.73683,0,0,0,0,0,0,0,0
2154,580.5135,0,0,0,0,0,0,0,0,0,0,0,0,0,0,0,0,0,0
2163,1725.986,0,0,0,0,0,0,0,0,0,0,0,0,0,0,0,0,0,0
2170,1428.791,0,0,0,0,0,0,0,0,0,0,0,0,0,0,0,0,0,0
2214,0,0,0,0,0,0,0,0,52.02724,0,0,0,0,0,0,0,0,217.81865,0
2249,0,20994.315,0,0,0,0,0,0,0,0,0,0,0,0,0,0,0,0,2786.281
2286,0,0,0,0,0,0,0,0,0,0,0,0,175.6682,0,0,0,0,0,0
2296,0,6583.719,0,0,0,0,0,0,0,0,0,0,0,0,0,0,0,0,0
2344,0,29006.09,0,0,0,0,0,0,0,0,0,0,0,0,0,0,0,0,0
2359,0,0,0,0,0,0,0,0,0,0,0,0,1574.151,0,0,0,0,0,0
2392,0,0,0,0,0,0,0,0,0,0,0,0,23233.96,0,11997.2,0,0,50727.9,0
2394,0,0,0,0,0,0,0,0,0,0,0,0,1037.633,0,0,0,0,0,0
2421,0,0,0,0,0,0,0,0,0,682.1376,0,0,0,0,0,0,0,0,0
2433,0,2518.329,0,0,18470.081,12622.561,0,0,0,7794.421,0,0,2639.528,0,0,0,0,10768.869,0
2473,4126.606,0,0,0,0,0,0,0,0,0,0,0,0,0,0,0,0,0,0
2478,0,0,0,0,0,0,0,0,0,0,1749.106,0,0,0,0,0,0,0,0
2480,0,18240.17,0,0,0,261056.89,0,56286.12,0,45104.67,0,178779.91,0,41041.3,0,38346.88,62030.69,26546.42,89426.5
2495,0,0,0,0,0,0,0,0,7629.939,0,0,4565.608,0,0,0,0,0,4092.323,13531.659
2540,0,0,0,5746.607,0,0,0,0,0,0,0,0,2301.038,0,0,0,0,0,0
2548,0,0,0,0,0,0,0,0,0,0,264.2445,0,0,0,0,0,0,0,0
2574,517.9303,0,0,0,0,0,0,0,0,0,0,0,0,0,0,0,0,0,0
2578,0,12739.62,0,0,0,0,0,44240.92,0,0,52403.6,0,0,63875.47,0,0,142727.58,0,0
2597,0,0,0,0,0,0,0,0,0,0,256.9642,0,0,0,0,0,0,0,0
2698,11498.76,0,0,0,0,0,0,0,0,0,0,0,0,0,0,0,0,0,0
2699,40475.91,0,0,0,0,0,0,0,0,0,0,0,0,0,0,0,0,0,0
2726,0,0,0,0,0,0,0,0,0,0,2002.795,0,0,2255.109,0,0,0,0,0
2772,0,9099.772,0,0,0,0,0,0,0,0,0,0,0,0,0,0,0,0,0
2788,154861.9,0,0,0,0,0,0,0,0,0,0,0,0,0,0,0,0,0,0
2793,0,5490.513,0,0,0,0,0,0,0,0,0,0,0,0,0,0,0,0,0
2808,3086.162,0,0,0,0,0,0,0,0,0,0,0,0,0,0,0,0,0,0
2834,2066.25,0,0,0,0,0,0,0,0,0,0,0,0,0,0,0,0,0,0
2878,188741.4,0,0,0,0,0,0,0,0,0,0,0,0,0,0,0,0,0,0
2904,0,6811.781,0,0,0,0,0,0,0,0,0,0,0,0,0,0,0,0,0
2910,6276.561,0,0,0,0,0,0,0,0,0,0,0,0,0,0,0,0,0,0
2920,112708.1,0,0,0,0,0,0,0,0,0,0,0,0,0,0,0,0,0,0
2931,1125319,0,0,0,0,0,0,0,0,0,0,0,0,0,0,0,0,0,0
3003,82145.12,0,0,0,0,0,0,0,0,0,0,0,0,0,0,0,0,0,0
3034,30463.34,0,0,0,0,0,0,0,0,0,0,0,0,0,0,0,0,0,0
3036,217328,0,0,0,0,0,0,0,0,0,0,0,0,0,0,0,0,0,0
3041,42108.22,0,0,0,0,0,0,0,0,0,0,0,0,0,0,0,0,0,0
3119,4456.6,0,0,0,0,0,0,0,0,0,0,0,0,0,0,0,0,0,0
3199,0,0,0,0,0,0,3199.086,0,0,0,0,0,0,0,0,0,0,0,0
3246,1598.273,0,0,0,0,0,0,0,0,0,0,0,0,0,0,0,0,0,0
3347,0,0,1741.404,0,0,0,0,0,0,0,0,0,0,0,0,0,0,0,0
3358,13578.38,0,0,0,0,0,0,0,0,0,0,0,0,0,0,0,0,0,0
3371,5632.096,0,0,0,0,0,0,0,0,0,0,0,0,0,0,0,0,0,0
3392,2094.408,0,0,0,0,0,0,0,0,0,0,0,0,0,0,0,0,0,0
3439,2527.785,0,0,0,0,0,0,0,0,0,0,0,0,0,0,0,0,0,0
3442,1049.983,0,0,0,0,0,0,0,0,0,0,0,0,0,0,0,0,0,0
3462,0,0,0,0,0,0,2667.875,0,0,0,0,0,0,0,0,0,0,0,0
3598,2608.72,0,0,0,0,0,0,0,0,0,0,0,0,0,0,0,0,0,0
3599,1284.195,0,0,0,0,0,0,0,0,0,0,0,0,0,0,0,0,0,0
3639,1322.051,0,0,0,0,0,0,0,0,0,0,0,0,0,0,0,0,0,0
3644,2801.169,0,0,0,0,0,0,0,0,0,0,0,0,0,0,0,0,0,0
3702,1373.736,0,0,0,0,0,0,0,0,0,0,0,0,0,0,0,0,0,0
3717,80279.99,0,0,0,0,0,0,0,0,0,0,0,0,0,0,0,0,0,0
3719,44904.26,0,0,0,0,0,0,0,0,0,0,0,0,0,0,0,0,0,0
3752,138101.9,0,0,0,0,0,0,0,0,0,0,0,0,0,0,0,0,0,0
3798,1091.735,0,0,0,0,0,0,0,0,0,0,0,0,0,0,0,0,0,0
4152,178.1855,0,0,0,0,0,0,0,0,0,0,0,0,0,0,0,0,0,0
4153,9831.09,0,0,0,0,0,0,0,0,0,0,0,0,0,0,0,0,0,0
4257,2661.711,0,0,0,0,0,0,0,0,0,0,0,0,0,0,0,0,0,0
4278,8550.917,0,0,0,0,0,0,0,0,0,0,0,0,0,0,0,0,0,0
4330,0,0,0,0,0,0,0,0,0,152.2568,0,0,0,0,0,0,0,0,0
4401,0,0,0,0,0,0,0,0,0,0,0,0,236.7406,0,0,0,0,0,0
4485,2458.538,0,0,0,0,0,0,0,0,0,0,0,0,0,0,0,0,0,0
4577,7074.165,0,0,0,0,0,0,0,0,0,0,0,0,0,0,0,0,0,0
4583,3361.577,0,0,0,0,0,0,0,0,0,0,0,0,0,0,0,0,0,0
4588,7435.901,0,0,0,0,0,0,0,0,0,0,0,0,0,0,0,0,0,0
4767,2668.7838,258.0766,0,0,0,0,0,0,0,0,0,0,0,0,0,0,0,0,2446.7456
4788,617.4293,0,0,0,0,0,0,0,0,0,0,0,0,0,0,0,0,0,0
4791,0,0,1760.498,0,0,0,0,0,0,0,0,0,0,0,0,0,0,0,0
4806,0,0,0,0,0,0,0,0,0,140.8592,0,0,0,0,0,0,0,0,0
4912,1485.635,0,0,0,0,0,0,0,0,0,0,0,0,0,0,0,0,0,0
4913,270.0784,0,0,0,0,0,0,0,0,0,0,0,0,0,0,0,0,0,0
5115,3797.73,0,0,0,0,0,0,0,0,0,0,0,0,0,0,0,0,0,0
5315,187.1443,0,0,0,0,0,0,0,0,0,0,0,0,0,0,0,0,0,0
5604,396.0062,0,0,0,0,0,0,0,0,0,0,0,0,0,0,0,0,0,0
5736,0,0,0,3332.813,0,0,0,0,0,0,0,0,0,0,0,0,0,0,0
6018,0,564.3427,0,0,0,0,0,0,0,0,0,0,0,0,0,0,0,0,0
6076,7194.167,0,0,0,0,0,0,0,0,0,0,0,0,0,0,0,0,0,0
6145,1076.131,0,0,0,0,0,0,0,0,0,0,0,0,0,0,0,0,0,0
6151,0,0,0,0,37202.799,2838.988,0,0,3512.191,0,0,17734.188,0,0,0,0,0,0,0
6215,0,1864.2119,0,0,0,296.5782,0,0,0,0,0,0,0,0,0,0,0,0,0
6231,6140.441,0,0,0,0,0,0,0,0,0,0,0,0,0,0,0,0,0,0
6346,680.835,0,0,0,0,0,0,0,0,0,0,0,0,0,0,0,0,0,0
6632,1452.518,0,0,0,0,0,0,0,0,0,0,0,0,0,0,0,0,0,0
6773,0,23374.39,0,0,0,0,0,0,0,0,0,0,0,0,0,0,0,0,0
6925,0,130.0251,0,0,0,0,0,0,0,0,0,0,0,0,0,0,0,0,0
7015,0,2085.846,0,0,0,0,0,0,0,0,0,0,0,0,0,0,0,0,0
7023,0,0,0,0,0,0,0,0,0,0,708.8833,0,0,0,0,0,0,0,0
7259,9430.292,0,0,0,0,0,0,0,0,0,0,0,0,0,0,0,0,0,0
7261,0,111.2822,0,0,0,0,0,0,0,0,0,0,0,0,0,0,0,0,0
7349,41378.92,0,0,0,0,0,0,0,0,0,0,0,0,0,0,0,0,0,0
7497,0,0,0,0,0,0,0,0,0,0,183.2559,0,0,0,0,0,0,0,10993.1281
8063,0,0,0,0,0,0,0,0,0,0,115.3386,0,0,0,0,0,0,0,0
8191,1500.178,0,0,0,0,0,0,0,0,0,0,0,0,0,0,0,0,0,0
8339,0,850.5276,0,0,0,0,0,0,0,0,0,0,0,0,0,0,0,0,0
8450,0,1709.862,0,0,0,0,0,0,0,0,0,0,0,0,0,0,0,0,0
8528,653.7599,0,0,0,0,0,0,0,0,0,0,0,0,0,0,0,0,0,0
8773,0,0,2203,0,0,0,0,0,0,0,0,0,0,0,0,0,0,0,0
8792,477.5368,0,0,0,0,0,0,0,0,0,0,0,0,0,0,0,0,0,0
8944,2016.36,0,0,0,0,0,0,0,0,0,0,0,0,0,0,0,0,0,0
8956,72654.14,0,0,0,0,0,0,0,0,0,0,0,0,0,0,0,0,0,0
9024,0,0,0,0,0,0,0,0,0,0,0,0,0,0,0,0,0,423.6051,0
9161,817.5617,0,0,0,0,0,0,0,0,0,0,0,0,0,0,0,0,0,0
9171,0,0,1122.043,0,0,0,0,0,0,0,0,0,0,0,0,0,0,0,0
9221,0,0,11471.73,0,0,0,0,0,0,0,0,0,0,0,0,0,0,0,0
9269,200.041,0,0,0,0,0,0,0,0,0,0,0,0,0,0,0,0,0,0
9295,315.7094,0,0,0,0,0,0,0,0,0,0,0,0,0,0,0,0,0,0
9387,0,244.2433,0,0,0,0,0,0,0,0,0,0,0,0,0,0,0,0,0
9417,2203.997,0,0,0,0,0,0,0,0,0,0,0,0,0,0,0,0,0,0
9420,0,0,0,0,0,0,0,0,0,0,0,0,0,0,0,0,215.3984,0,0
9490,1001.1521,0,0,0,0,0,0,0,0,139.3797,0,0,0,0,0,0,0,0,0
9541,445.1503,0,0,0,0,0,0,0,0,0,0,0,0,0,0,0,0,0,0
9693,0,0,33246.15,0,0,0,0,0,0,0,0,0,0,0,0,0,0,0,0
9710,0,0,3058.374,0,0,0,0,0,0,0,0,0,0,0,0,0,0,0,0
9937,0,0,0,0,0,0,0,169.906,0,384.7539,0,0,0,0,0,0,0,0,0
9955,190.3649,0,0,0,0,0,0,0,0,0,0,0,0,0,0,0,0,0,0
10247,0,0,1143.06,0,0,0,0,0,0,0,0,0,0,0,0,0,0,0,0
10321,0,0,849.2435,0,0,0,0,0,0,0,0,0,0,0,0,0,0,0,0
10407,17036.4935,797.7519,1804.9171,1944.4956,0,0,7350.4967,3040.5633,195.0773,6796.0031,2016.7829,0,1056.3095,1556.5361,4707.7954,0,893.579,351.9277,0
10761,1363.255,0,0,0,0,0,0,0,0,0,0,0,0,0,0,0,0,0,0
10769,1659.009,1322.9434,5549.3938,5162.8042,7444.547,7033.0788,2538.0656,4839.7224,642.4857,9709.5498,1524.0636,4813.4276,1159.204,2156.1804,1529.0114,0,1494.1822,269.5119,0
10812,589.9014,0,0,0,0,0,0,0,0,0,0,0,0,0,0,0,0,0,0
10841,706.1547,0,1506.5562,3035.9413,2917.6256,357.6377,1569.0733,2160.0551,154.8754,4030.0234,292.5335,322.1138,357.2458,888.3372,0,0,342.9495,0,0
10907,0,0,0,0,0,0,0,0,0,0,106.532,0,0,0,0,0,0,0,0
11039,0,0,0,0,0,0,0,0,67.40954,0,0,0,0,0,0,0,0,0,0
11090,0,0,238.7314,0,0,0,0,0,0,0,0,0,0,0,0,0,0,0,0
11130,691.0852,0,0,0,0,0,0,0,0,0,0,0,0,0,0,0,0,0,0
11779,582.0692,0,0,0,0,0,0,0,0,0,0,0,0,0,0,0,0,0,0
11844,0,0,0,0,0,0,0,0,0,247.4288,0,0,0,0,0,0,0,0,0
11970,1289.803,0,0,0,0,0,0,0,0,0,0,0,0,0,0,0,0,0,0
11988,0,0,0,1460.479,0,0,0,0,0,0,0,0,0,0,0,0,0,0,0
11997,0,1270.8292,0,0,0,0,0,1359.1646,0,0,351.7388,0,0,0,0,0,438.9847,0,0
12336,0,0,0,1842.534,0,0,0,0,0,0,0,0,0,0,0,0,0,0,0
12399,2471.428,0,0,0,0,0,0,0,0,0,0,0,0,0,1868.005,0,0,0,0
12430,0,0,0,0,0,0,0,0,0,0,0,0,85.44949,0,0,0,0,0,0
12837,0,0,0,0,0,0,0,0,0,0,0,0,0,0,3724.2,0,0,3791.482,0
13026,0,0,11165.31,0,0,0,0,0,0,0,0,0,0,0,0,0,0,0,0
13079,0,0,3543.538,0,0,0,0,0,0,0,0,0,0,0,0,0,0,0,0
13307,0,0,0,0,0,0,0,0,0,0,0,0,0,0,0,0,0,780.9269,0
13310,0,0,0,0,0,0,0,0,1606.17,0,0,0,0,0,0,0,0,0,0
13324,0,0,0,0,0,0,0,0,0,120.8468,0,0,0,0,0,0,0,0,0
13399,0,0,0,5139.266,0,0,0,0,0,0,0,0,0,0,0,0,0,0,0
13487,0,0,0,0,0,0,656.2785,0,0,0,0,0,0,0,0,0,0,0,0
13582,0,0,0,0,0,0,0,0,0,0,766.4253,0,0,0,0,0,0,0,0
13603,0,0,0,0,0,0,0,242.1808,0,0,0,0,0,0,0,0,0,0,0
13617,0,0,0,0,0,0,0,391.093,0,0,0,0,0,0,0,0,0,0,0
13670,0,0,0,0,0,0,0,0,0,0,0,469.8046,0,0,0,0,0,0,0
13754,0,0,0,0,0,0,0,0,0,0,0,0,0,0,0,0,0,973.8358,0
13832,0,0,0,0,0,0,609.8391,0,0,0,0,0,0,0,0,0,0,0,0
13889,2014.523,0,0,0,0,0,0,0,0,0,0,0,0,0,0,0,0,0,0
14032,0,0,0,0,0,0,0,0,0,0,261.3651,0,0,0,0,0,0,0,0
14039,1494.875,0,0,0,0,0,0,0,0,0,0,0,0,0,0,0,0,0,0
14063,0,0,0,4408.564,0,0,0,0,0,0,0,0,0,0,0,0,0,0,0
14131,0,0,0,523.1888,0,0,0,0,0,0,0,0,0,0,0,0,0,0,0
14541,0,0,0,0,0,0,0,0,0,0,0,373.633,0,0,0,0,0,0,0
14554,0,0,0,302.2274,0,0,0,0,0,0,0,0,0,0,0,0,0,0,0
14612,0,0,2365.481,0,0,0,0,0,0,658.091,0,0,0,0,0,0,0,0,0
14814,0,0,0,0,0,0,0,0,0,0,0,0,0,0,0,0,3513.865,0,0
14903,0,0,0,0,0,0,0,0,0,155.462,0,0,0,0,0,0,0,0,0
14942,0,0,0,0,0,0,0,0,0,0,146.1301,0,0,0,0,0,0,757.9766,0
15102,0,0,0,0,0,0,0,140.6257,0,0,0,0,0,0,0,0,0,0,0
15108,0,0,527.7688,0,0,0,0,0,0,1803.2274,0,0,0,0,0,0,0,0,0
15393,0,10429.0456,0,0,0,0,0,0,0,0,0,0,0,0,0,0,466.6266,384.1819,0
15398,0,1582.341,0,0,0,0,0,0,0,0,0,0,0,0,0,0,0,0,0
15479,0,0,0,0,0,0,0,0,0,476.6066,0,0,0,0,0,0,0,0,0
15500,0,0,913.5507,0,0,0,0,0,0,0,0,0,0,0,0,0,0,0,0
15580,0,0,0,0,0,0,0,0,0,0,384.7443,0,1287.9254,0,0,0,0,1115.4742,0
15596,0,0,0,456.8327,0,0,0,0,0,0,0,0,0,0,0,0,0,0,0
15642,0,0,0,0,0,0,470.0785,0,0,807.5451,0,0,0,0,0,0,0,0,0
15653,0,0,7191.14,0,0,0,0,0,0,0,0,0,0,0,0,0,0,0,0
15721,0,0,0,0,0,0,0,0,0,0,1212.241,0,0,0,0,0,0,0,0
15833,0,0,0,647.786,0,0,0,0,0,0,0,0,0,0,0,0,0,0,0
15898,0,0,0,1875.339,0,0,0,0,0,0,0,0,0,0,0,0,0,0,0
15940,0,0,0,0,0,0,0,0,0,0,251.9048,0,0,0,0,0,0,0,0
15978,0,0,0,0,0,0,0,0,0,0,697.0951,0,0,0,0,0,0,0,0
15982,0,0,4682.911,0,0,0,0,0,0,0,0,0,0,0,0,0,0,0,0
16021,0,0,386.4803,0,0,0,0,0,0,0,0,0,0,0,0,0,0,0,0
16062,0,0,0,638.9952,0,0,0,0,0,0,0,0,0,0,0,0,0,0,0
16164,0,0,0,2451.36,0,0,0,0,0,0,0,0,0,0,0,0,0,0,0
16369,0,0,0,0,0,0,0,0,0,2131.552,0,0,0,0,0,0,0,0,0
16590,0,0,815.7136,0,0,0,0,0,0,0,0,0,0,0,0,0,0,0,0
16592,0,0,0,0,0,0,730.518,0,0,0,0,0,0,0,0,0,0,0,0
16609,0,0,1054.414,0,0,0,0,0,0,0,0,0,0,0,0,0,0,0,0
16646,0,0,0,1489.028,0,0,0,0,0,0,0,0,0,0,0,0,0,0,0
16719,0,0,0,0,0,0,560.6989,0,0,0,0,0,0,0,0,0,0,0,0
16720,0,0,0,738.9614,0,0,0,0,0,0,0,0,0,0,0,0,0,0,0
16927,0,0,0,380.1593,0,0,2266.5677,0,0,0,0,0,0,0,0,0,0,0,0
16976,0,0,0,0,1965.011,0,0,0,0,0,0,0,0,0,0,0,0,0,0
16979,0,0,0,0,0,0,3244.38,0,0,534.85,0,0,0,0,0,0,0,0,0
17068,0,0,512.4384,0,0,0,0,0,0,0,0,0,0,0,0,0,0,0,0
17112,0,0,0,0,0,0,1498.332,0,0,0,0,0,0,0,0,0,0,0,0
17264,0,0,0,1932.313,0,0,0,0,0,0,0,0,0,0,0,0,0,0,0
17524,0,0,0,0,0,0,3207.257,0,0,0,0,0,0,0,0,0,0,0,0
17534,0,0,0,0,0,0,0,0,118.4149,0,0,0,0,0,0,0,0,0,0
17845,0,0,0,0,0,0,935.9476,0,0,0,0,0,0,0,0,0,0,0,0
17865,0,0,0,0,0,0,0,0,0,1617.917,0,0,0,0,0,0,0,0,0
17939,0,0,0,0,0,0,0,0,0,1548.998,0,0,0,0,0,0,0,0,0
18091,0,0,0,0,0,0,0,0,0,5590.159,0,1518.493,0,0,0,0,0,0,0
18160,0,0,0,0,0,0,0,0,0,5273.991,0,1382.436,0,0,0,0,0,0,0
18543,3544.0823,0,0,0,0,0,0,177.9138,0,0,0,0,0,0,0,12638.2243,0,928.943,0
18671,0,0,25519.37,0,0,23239.89,206105.44,9156.12,0,0,0,0,0,0,0,0,0,0,0
18754,0,0,3836.458,0,0,0,0,0,0,0,0,0,0,0,0,0,0,0,0
18888,0,0,1980.04,0,0,0,0,0,0,0,0,0,0,0,2624.293,0,0,0,0
18969,0,0,0,1441.582,0,0,0,0,0,0,0,0,0,0,0,0,0,0,0
19222,8173.4176,0,0,0,0,0,0,0,0,1694.2856,0,0,0,0,0,0,0,521.7965,0
19228,0,0,0,0,0,0,538.8833,0,0,0,0,0,0,0,0,0,0,0,0
19372,0,0,0,0,0,0,0,0,0,1996.19,0,0,0,0,0,0,0,0,0
19508,0,0,0,1517.71,0,0,0,0,0,0,0,0,0,0,0,0,0,0,0
19582,0,0,0,1231.028,0,0,0,0,0,0,0,0,0,0,0,0,0,0,0
19584,0,0,0,0,0,0,0,0,0,1046.888,0,0,0,0,2407.8,0,0,1612.629,0
19653,0,0,0,0,0,0,0,0,0,589.2362,0,0,0,0,0,0,0,0,0
19656,0,0,0,0,0,0,0,0,0,0,0,0,0,0,0,0,0,3874.454,0
19731,0,0,0,0,0,0,2056.109,0,0,0,0,0,0,0,0,0,0,0,0
19750,0,0,831.0882,0,0,0,0,0,0,5287.3858,0,0,0,0,0,0,0,0,0
19753,0,678.05338,0,0,0,48.16718,0,0,0,0,0,0,0,0,0,12701.14923,0,424.34873,0
19756,0,0,0,0,0,0,1581.911,0,0,0,0,0,0,0,0,0,0,0,0
19928,0,0,0,0,0,0,0,0,0,262.1456,0,0,0,0,0,0,0,0,0
20115,0,0,0,0,0,0,0,0,0,0,0,0,0,0,1802.702,0,0,0,0
20212,0,0,0,0,0,0,3290.431,0,0,0,0,0,0,0,0,0,0,0,0
20221,0,0,0,0,0,0,2873.997,0,0,0,0,0,0,0,0,0,0,0,0
20300,0,0,0,0,0,0,0,0,0,0,0,0,0,0,0,0,1397.24,0,0
20344,0,0,0,3750.534,0,0,0,0,0,0,0,0,0,0,0,0,0,0,0
20648,0,0,0,0,0,0,0,0,0,0,0,0,0,0,0,0,432.8527,0,0
20998,0,0,208.097,0,0,0,0,0,0,0,0,0,0,0,238.5221,0,0,0,0
21032,0,0,0,595.8939,0,0,0,0,0,0,0,0,0,0,0,0,0,0,0
21092,0,0,3096.048,0,0,0,0,0,0,0,0,0,0,0,0,0,0,0,0
21200,0,0,10203.445,0,0,3694.706,23617.177,0,0,0,0,0,0,0,0,0,0,0,0
21222,0,0,0,0,0,0,0,0,0,0,151.3685,0,0,0,0,0,0,0,0
21279,0,0,0,0,0,0,1543.37,0,0,0,0,0,0,0,0,0,0,0,0
21322,0,0,0,0,0,0,0,0,0,0,0,0,0,0,0,0,0,694.3172,0
21348,0,0,0,0,0,0,0,0,0,0,2532.043,0,0,0,0,0,0,0,0
21531,0,0,4873.629,0,0,2082.328,11904.703,0,0,0,0,0,0,0,0,0,0,0,0
21755,0,0,0,0,6022.784,0,0,0,0,0,0,0,0,0,0,0,0,0,0
21862,0,0,5652.248,0,0,6329.342,22676.904,0,0,0,0,0,0,0,0,0,0,0,0
21913,0,0,1020.665,0,0,2800.974,12136.953,1114.005,0,0,0,0,0,0,0,0,0,0,0
21916,0,0,769.3379,0,0,2168.0581,2083.3321,947.8833,0,0,0,0,0,0,0,0,0,0,0
21975,5846.407,0,0,0,0,0,0,0,0,0,0,0,0,0,0,0,0,0,0
22850,0,0,223947.16,78967.08,0,67035.22,712658.71,57918.5,0,0,0,0,0,0,0,0,0,0,0
22906,2622.5333,0,0,0,0,0,0,174.6226,0,0,0,0,0,427.5623,0,0,0,0,0
22984,0,0,0,0,0,6813.582,0,0,0,0,0,0,0,0,0,0,0,0,0
23022,0,0,0,0,0,0,0,0,0,0,575.88,0,268.3852,0,562.1727,0,0,407.6778,0
23062,0,0,0,0,7943.7852,1973.6141,0,0,3130.903,0,740.4516,3711.2866,0,0,0,0,0,0,0
23152,0,0,0,0,0,0,41535.19,0,0,0,0,0,0,0,0,0,0,0,0
23206,0,0,0,0,2146.269,1099.745,0,0,0,0,0,1219.949,0,0,0,0,0,0,0
23273,0,0,0,0,0,3532.105,29985.082,0,0,0,0,0,0,0,0,0,0,0,0
23328,0,0,0,0,0,0,0,0,0,0,0,0,0,0,0,0,0,1111.071,0
23349,0,0,0,0,0,0,0,0,0,0,0,0,0,0,0,0,2132.866,0,0
23360,0,0,0,0,0,0,0,0,0,0,0,0,0,0,0,0,0,1497.756,0
23374,0,0,0,14142.88,0,0,16011.04,0,0,0,0,0,0,0,0,0,0,0,0
23398,0,0,0,0,0,0,0,0,0,12918.73,0,0,0,0,0,0,0,0,0
23424,20905.1281,0,0,0,0,0,0,0,0,417.7582,304.0647,0,0,0,0,0,0,0,7832.7309
23566,0,0,0,0,0,0,0,0,0,0,0,0,0,0,0,0,0,722.3315,0
23567,0,0,0,0,0,0,0,0,0,0,0,0,0,0,0,0,0,1287.349,0
23568,0,0,0,0,0,0,0,0,0,0,0,0,0,0,0,0,0,437.8459,0
23569,0,0,0,0,0,0,0,0,0,0,0,0,0,0,0,0,0,10063.15,0
23924,528.9534,0,0,0,0,0,0,0,0,0,0,0,0,0,0,0,26796.6905,33532.4884,0
23927,0,0,0,0,0,0,0,0,0,0,231.0129,0,321.0731,0,0,0,0,0,0
23929,0,0,0,0,0,0,0,0,0,0,0,0,0,0,0,0,0,582.0599,0
23930,0,0,0,0,0,0,0,0,0,0,0,0,0,0,0,0,830.794,4431.679,0
23968,0,0,0,0,0,0,0,0,0,631.5472,0,0,0,0,0,0,0,0,0
23973,0,0,0,0,0,0,0,0,249.3698,0,555.0533,0,0,0,0,0,0,0,0
23993,0,0,0,0,0,0,0,0,0,0,0,0,0,0,0,0,0,651.9443,0
24150,0,0,0,0,0,0,0,0,0,0,0,0,0,0,0,0,0,2125.339,0
24196,0,0,0,0,0,0,0,0,0,0,0,0,0,0,0,0,0,3669.662,0
24313,0,0,0,0,8448.12073,49.46266,0,0,0,0,0,2198.12839,0,0,0,0,0,0,0
24326,0,0,0,0,1151.922,0,0,0,0,0,0,0,0,0,0,0,0,0,0
24343,0,0,0,0,0,712.4652,0,670.7604,0,0,0,0,0,0,0,0,0,0,0
24559,0,0,0,0,0,0,0,0,0,0,0,0,0,0,0,0,0,1532.721,0
24630,0,0,0,0,0,0,0,0,0,0,0,0,0,0,0,0,0,585.9455,0
24631,0,0,0,0,0,0,0,0,0,0,0,0,0,0,0,0,0,1420.15,0
24645,0,0,0,0,0,0,0,0,0,0,0,0,595.7029,0,0,0,0,0,0
24669,0,0,0,0,0,0,0,0,0,0,0,0,0,0,0,0,0,745.0278,0
24799,0,0,0,0,3881.1967,0,0,0,596.222,0,0,697.2927,0,0,0,0,0,0,0
25055,0,0,0,0,0,0,0,0,0,0,0,0,0,0,0,0,0,7810.775,0
25059,0,0,0,0,0,0,0,0,0,0,0,0,0,0,0,0,0,65411.14,0
25064,0,0,0,0,0,0,0,0,0,0,0,0,0,7071.745,0,0,0,0,0
25073,0,0,0,0,0,0,0,0,0,0,0,0,0,0,0,0,0,10373.62,0
25090,0,0,0,0,0,0,0,0,0,0,401.6898,0,0,0,0,0,0,0,0
25134,0,0,0,994.6438,0,0,0,564.0736,0,550.2071,0,0,0,0,0,0,0,0,0
25156,0,0,0,0,0,0,0,0,0,0,473.4515,0,269.576,0,0,0,0,0,0
25355,0,0,0,0,0,0,0,0,0,0,0,0,0,0,0,0,0,1537.238,0
25494,0,0,0,0,0,0,0,0,0,0,0,0,0,0,0,0,0,1319.752,0
25642,0,0,0,0,0,0,0,282.7979,0,0,330.5706,0,0,0,483.5709,0,0,0,0
25669,0,0,0,0,0,0,0,0,0,0,0,0,0,0,0,0,0,3188.485,0
25765,0,0,0,0,0,0,0,0,0,0,0,0,0,0,0,0,0,82830.14,0
25819,0,0,0,0,0,0,0,0,0,0,0,0,0,0,9257.149,0,0,0,0
25943,0,0,2182.5028,0,0,743.8569,1076.3342,1307.379,0,0,0,0,0,0,0,0,0,0,0
25944,0,0,8395.443,1801.446,0,5418.388,15534.83,3125.02,0,0,0,0,0,0,0,0,0,0,0
25965,0,0,0,0,0,2424.805,0,0,0,0,0,0,0,0,0,0,0,0,0
25986,0,0,0,0,0,0,0,0,0,0,0,0,0,0,0,0,627.5486,0,0
26008,4386.776,0,0,0,0,0,0,0,0,0,0,0,0,0,0,0,0,0,0
26140,0,0,0,0,0,0,0,0,0,0,0,0,0,0,0,0,1654.655,0,0
26314,0,0,0,0,0,0,0,0,0,347.1698,0,0,0,0,0,0,0,0,0
26429,0,0,0,0,0,0,0,0,0,1990.184,0,0,0,0,0,0,0,0,0
26473,0,0,0,0,0,0,0,437.7125,0,0,0,0,0,0,0,0,0,0,0
26548,0,0,0,0,0,0,0,0,0,9142.117,0,0,0,0,0,0,0,0,0
26551,0,0,0,0,0,0,0,0,0,0,0,0,0,0,0,0,0,1657.786,0
26579,0,0,0,0,12066.059,1367.882,0,0,0,0,0,5005.865,0,0,0,0,0,0,0
26749,0,0,0,0,0,0,0,0,0,0,0,0,0,0,0,0,0,1760.875,0
26771,0,0,0,0,0,0,0,0,0,0,0,0,0,0,0,0,0,14123.06,0
26896,0,0,0,0,0,0,0,0,0,0,0,0,0,0,0,0,0,15770.62,0
26928,0,0,0,0,0,0,0,0,0,0,0,0,0,0,0,0,0,7557.617,0
26936,0,0,0,0,0,0,0,0,0,0,0,0,0,0,0,0,0,3901.09,0
26976,0,0,0,0,21165.929,6037.683,0,0,11279.383,0,0,7369.52,0,0,0,0,0,0,0
27078,0,0,0,0,0,0,0,0,0,0,0,0,0,0,0,0,0,5292.276,0
27084,0,0,0,0,0,0,0,0,0,0,0,0,0,0,0,0,0,118589.7,0
27097,0,0,0,0,0,0,0,0,0,0,0,0,0,0,0,0,0,27548.64,0
27253,0,0,0,0,0,0,0,0,0,0,0,0,0,0,0,0,0,1750.778,0
27254,0,0,0,0,0,0,0,0,0,0,0,0,0,0,0,0,0,1517.74,0
27255,0,0,0,0,0,0,0,0,0,0,0,0,0,0,0,0,0,1809.294,0
27256,0,0,0,0,0,0,0,0,0,0,0,0,0,0,0,0,0,1115.091,0
27257,0,0,0,0,0,0,0,0,0,0,0,0,0,0,0,0,0,1526.704,0
27280,0,0,0,0,0,0,0,0,0,0,0,0,0,0,0,0,0,6156.386,0
27338,0,0,0,5713.5636,23054.445,4009.2934,2130.1284,2606.7376,3293.3714,2955.2179,0,5109.0408,0,0,2853.5169,0,978.6072,0,0
27344,0,0,0,0,0,0,0,0,0,0,0,0,0,0,0,0,0,4779.048,0
27352,0,0,0,0,0,0,0,0,0,0,0,0,0,0,0,0,0,22423.57,0
27364,0,0,0,0,0,0,0,0,0,0,0,0,0,0,0,0,0,11555.27,0
27371,0,0,0,0,0,0,0,0,0,0,0,0,0,0,0,0,0,5575.279,0
27375,0,0,0,0,0,0,0,0,0,0,0,0,0,0,0,0,0,14852.51,0
27377,0,0,0,0,0,0,0,0,0,0,0,0,0,0,0,0,0,84297.42,0
27386,0,0,0,0,0,0,0,0,0,0,0,0,0,0,0,0,0,484640.5,0
27389,413.1892,0,0,0,0,0,0,0,0,0,0,0,935.0834,0,0,0,0,0,0
27393,0,0,0,1414.603,0,0,0,0,0,0,0,0,0,0,0,0,0,0,0
27415,0,0,0,0,0,0,0,0,39689.25,0,0,45382.68,0,0,0,0,0,0,0
27454,0,0,0,0,0,0,0,0,0,0,0,0,0,0,0,0,0,9729.748,0
27470,0,0,0,0,0,0,0,322.1896,0,0,0,0,0,0,0,0,1099.7126,2280.4976,0
27476,0,0,0,0,0,0,0,0,0,0,0,0,0,0,0,0,0,2470.895,0
27497,0,0,0,0,0,0,0,0,0,0,0,0,0,0,0,0,0,37719.98,0
27627,0,0,0,0,0,0,0,0,0,0,0,0,0,0,0,0,473.585,0,0
27737,0,0,0,0,0,0,0,0,0,0,0,0,0,0,0,0,0,14962.17,0
27804,0,0,0,0,0,0,0,0,0,0,0,0,0,0,0,0,0,2530.636,0
27846,0,0,0,0,0,0,0,0,0,0,0,0,0,0,4499.099,21392.009,0,0,0
27910,0,0,111994.61,35613.25,0,100015.35,338355.07,27221.57,0,0,0,0,0,0,0,0,0,0,0
27921,0,0,0,0,0,0,0,0,0,0,0,0,0,0,0,0,0,1943.832,0
28037,0,0,0,0,0,0,0,0,0,0,0,0,0,0,0,0,2691.819,0,0
28104,0,0,0,0,0,0,0,0,0,0,0,0,0,1997.089,0,0,0,0,0
28121,0,0,0,0,0,0,0,0,0,0,0,0,0,0,0,0,1424.027,7799.428,0
28147,0,0,0,0,0,0,0,0,0,0,0,0,0,0,0,0,0,3477.615,0
28235,0,0,0,0,34383.731,7775.975,0,0,12273.676,0,0,13760.163,0,0,0,0,0,0,0
28247,0,0,0,0,0,0,0,178.4323,0,0,0,0,0,0,0,0,0,0,0
28277,0,0,0,0,0,0,0,0,0,0,1016.265,0,0,0,0,0,0,0,0
28438,0,0,0,0,2812.023,0,0,0,0,0,0,0,0,0,0,0,0,0,0
28462,0,0,0,0,0,0,0,0,0,0,0,0,0,0,0,0,0,7944.51,0
28582,0,0,1685.3805,1713.9168,0,4789.673,9851.7167,1061.4872,420.0819,0,0,0,0,0,0,0,0,0,0
28608,0,0,0,0,0,0,0,0,0,0,328.1238,0,0,0,0,0,0,0,0
28618,0,0,4660.8095,1738.2061,0,904.3455,1562.9157,641.4111,201.5796,0,0,0,257.1756,0,5105.7335,0,0,442.1119,0
28695,0,0,988.9799,1382.9718,0,0,1192.2958,0,0,0,0,0,0,0,943.343,0,0,367.8381,0
28737,0,0,12199.696,7128.92,0,12914.31,37884.915,3402.447,0,0,0,0,0,0,0,0,0,0,0
29159,0,0,0,0,0,2526.7312,0,0,0,0,0,0,394.9596,0,0,0,0,0,0
29283,0,0,0,10398.82,0,0,0,0,0,0,0,0,0,0,0,0,0,0,0
29335,2254.931,0,0,0,0,0,14445.826,0,0,6175.07,0,0,0,0,0,0,0,0,0
29351,36051.97,18600.27,0,0,239186.12,68106.28,0,9776.09,92282.76,78937.5,8374.82,109521.81,0,33812.98,0,0,46138.01,0,0
29353,28989.012,13975.532,0,12711.022,120061.486,33670.02,0,7429.353,45114.078,32996.54,8452.456,36503.503,0,26214.522,0,0,35238.744,0,0
29395,0,0,0,0,1820.297,0,0,0,2424.956,0,0,0,0,0,0,0,0,0,0
29403,0,0,0,3880.45,32647.728,2889.828,0,0,0,9964.812,0,0,0,0,0,0,2748.274,0,0
29431,0,12974.37,0,0,0,0,0,0,0,0,0,0,0,0,0,0,0,12252.55,0
29458,0,0,1854.96,0,0,0,0,0,1000.024,0,8239.575,0,1508.512,0,0,0,0,4649.513,0
29518,0,0,0,0,0,0,0,0,0,0,0,0,559.3253,0,0,0,0,0,0
29544,0,0,0,0,0,2749.089,0,1514.775,0,0,0,0,0,0,0,0,0,0,0
29640,0,0,5155.0321,0,0,0,0,0,581.6427,9138.6099,441.0371,0,873.4081,0,1511.098,0,0,3835.4209,0
29675,0,0,0,0,1810.243,0,0,0,0,0,0,0,0,0,0,0,0,0,0
29747,0,0,0,0,0,1617.186,0,0,0,0,0,0,0,0,0,0,0,0,0
29777,0,0,0,0,0,0,0,967.973,0,842.4638,2024.6686,0,4431.7401,0,0,0,2757.9423,0,0
29861,0,0,0,0,5270.228,0,0,0,0,0,0,0,0,14090.756,0,0,0,0,0
29869,0,0,0,0,5395.859,0,0,0,0,0,0,0,0,0,0,0,0,0,0
29882,0,0,0,0,0,0,0,0,9677.445,0,0,0,3293.264,0,0,0,0,0,0
29952,1128.7431,0,0,0,0,0,0,0,0,622.8492,0,3318.0796,0,0,0,0,1607.2782,0,0
29988,0,0,0,0,0,0,0,6219.984,0,0,0,0,0,0,0,0,0,0,0
30022,0,3880.079,0,0,23548.897,7524.744,0,0,13642.317,76821.409,14148.311,0,0,0,0,0,32627.902,0,0
30079,0,0,0,0,0,0,0,0,0,2731.459,0,0,0,0,0,0,1611.14,0,0
30094,0,0,0,0,3252323.7,786518.8,0,0,1088108.9,0,0,1078576.8,0,0,0,0,0,0,0
30100,0,0,0,0,0,0,0,0,0,0,59742.31,0,0,0,0,0,0,0,0
30177,9609.797,3469.737,0,0,0,0,0,0,0,18442.559,0,23055.182,0,0,12259.111,55463.84,0,0,0
30254,0,0,0,0,0,12235.03,0,0,0,0,0,0,0,0,0,0,0,0,0
30538,0,2230.285,0,0,0,0,0,1150.803,0,0,0,0,0,0,0,0,1220.685,0,0
30604,12829.854,0,0,0,0,9573.27,0,44971.64,0,23344.889,0,3662.369,0,0,0,0,100857.391,0,0
30639,0,0,0,0,0,0,0,0,0,0,2893.681,0,5800.281,0,0,0,0,16511.59,0
30658,0,0,0,0,0,0,0,0,0,0,39753.72,0,0,0,0,0,0,0,0
30710,13858.246,96226.061,0,0,0,8836.831,0,0,23748.775,0,0,0,0,0,0,0,0,0,0
30716,0,0,0,0,21886.795,0,0,0,2358.136,0,0,0,0,0,0,0,0,0,0
30763,0,0,0,0,0,0,0,0,0,0,0,0,0,0,0,0,36014.46,0,0
30822,0,0,0,0,11114.661,0,0,0,1971.257,0,0,0,0,0,0,0,0,0,0
31021,0,0,0,0,0,4608.093,0,1799.242,0,4343.542,0,3173.502,0,0,0,120995.556,0,0,0
31066,0,34165.53,0,0,0,11576.16,0,0,0,0,0,0,0,0,0,0,0,0,0
31090,0,0,56520.43,0,0,0,101859.94,0,14120.48,0,0,0,0,0,20140.62,0,0,0,0
31118,0,0,0,0,0,1667.571,0,0,1350.167,0,0,1108.296,0,0,0,0,0,0,0
31507,0,0,0,0,0,0,0,0,0,0,0,3521.066,0,0,0,0,0,0,0
31583,0,0,0,3077.171,0,0,0,0,0,0,0,0,0,0,0,0,0,0,0
31655,0,31543.13,0,0,0,0,0,0,0,0,0,0,0,0,0,0,0,0,0
31667,0,0,0,0,40730.608,0,0,0,0,0,0,8495.093,0,0,0,0,0,0,0
31895,0,0,0,0,9606.036,0,0,0,0,0,0,0,0,0,0,0,0,0,0
31974,0,0,0,0,0,21016.65,0,0,0,0,0,0,0,0,0,0,0,0,0
32058,0,0,0,0,0,0,0,0,0,0,860.2079,0,0,0,0,0,0,0,0
32121,0,0,5282.328,0,0,0,0,0,0,0,0,0,0,0,0,0,0,0,0
32168,0,0,0,0,189725.8,0,0,0,0,0,0,0,0,0,0,0,0,0,0
32284,34189.2,0,0,0,0,0,0,0,0,0,0,0,0,0,0,0,0,0,0
32303,0,0,0,0,0,0,0,0,0,0,626.0939,0,0,0,0,0,0,0,0
32364,0,0,0,0,33630.396,0,0,0,0,0,0,7019.372,0,0,0,0,0,0,0
32441,10784.308,2430.051,0,0,0,0,0,0,0,0,0,0,6662.684,0,0,37856.056,42945.022,5020.74,0
32510,0,0,0,0,39964.28,27564.55,0,0,19988.6,0,0,30481.25,0,0,0,0,0,0,0